path,class,tag1,score1,tag2,score2,tag3,score3,tag4,score4,tag5,score5,success
../data/ImageNet\bicycle_n02834778\0.jpg,bicycle,bicycle,0.9956408143043518,vehicle,0.9903031587600708,bicycle wheel,0.9872590899467468,bicycle accessory,0.9514740109443665,cycling,0.9435883164405823,0.9956408143043518
../data/ImageNet\bicycle_n02834778\1.jpg,bicycle,bicycle wheel,0.9140565991401672,bicycle,0.9023879170417786,red,0.901925265789032,vehicle,0.8813016414642334,mode of transport,0.8081701397895813,0.9023879170417786
../data/ImageNet\bicycle_n02834778\10.jpg,bicycle,lane,0.9710306525230408,bicycle,0.9474958777427673,road cycling,0.9389618635177612,vehicle,0.9272748827934265,road,0.9266312122344971,0.9474958777427673
../data/ImageNet\bicycle_n02834778\11.jpg,bicycle,bicycle,0.9660649299621582,bicycle accessory,0.9534517526626587,vehicle,0.9469120502471924,cycling,0.8569840788841248,recreation,0.807224452495575,0.9660649299621582
../data/ImageNet\bicycle_n02834778\12.jpg,bicycle,land vehicle,0.9961627125740051,vehicle,0.9903031587600708,car,0.9281508326530457,tire,0.8932042121887207,automotive tire,0.8844189643859863,0.0
../data/ImageNet\bicycle_n02834778\13.jpg,bicycle,bicycle,0.9956408143043518,vehicle,0.955994725227356,cycling,0.9206146001815796,bicycle wheel,0.9140565991401672,bicycle frame,0.8458144068717957,0.9956408143043518
../data/ImageNet\bicycle_n02834778\14.jpg,bicycle,land vehicle,0.9961627125740051,bicycle,0.9956408143043518,bicycle wheel,0.9915084838867188,vehicle,0.9903031587600708,bicycle frame,0.9793812036514282,0.9956408143043518
../data/ImageNet\bicycle_n02834778\15.jpg,bicycle,vehicle,0.8391488194465637,bicycle,0.8161381483078003,bicycle wheel,0.770659327507019,tire,0.7415005564689636,automotive wheel system,0.6540399193763733,0.8161381483078003
../data/ImageNet\bicycle_n02834778\16.jpg,bicycle,bicycle wheel,0.9919152855873108,bicycle,0.9903424382209778,bicycle part,0.9420832395553589,vehicle,0.9272748827934265,bicycle accessory,0.906699538230896,0.9903424382209778
../data/ImageNet\bicycle_n02834778\17.jpg,bicycle,bicycle,0.9956408143043518,bicycle wheel,0.9924434423446655,vehicle,0.9903031587600708,bicycle part,0.9891932606697083,bicycle frame,0.9867895245552063,0.9956408143043518
../data/ImageNet\bicycle_n02834778\18.jpg,bicycle,cycling,0.9877132773399353,bicycle,0.9574993848800659,vehicle,0.955994725227356,freestyle bmx,0.9485350251197815,cycle sport,0.9415661096572876,0.9574993848800659
../data/ImageNet\bicycle_n02834778\19.jpg,bicycle,bicycle,0.9867614507675171,vehicle,0.9164396524429321,cycling,0.9135475754737854,road cycling,0.8627843260765076,recreation,0.8585354089736938,0.9867614507675171
../data/ImageNet\bicycle_n02834778\2.jpg,bicycle,bicycle,0.9867614507675171,bicycle wheel,0.969275176525116,vehicle,0.955994725227356,mode of transport,0.9117557406425476,transport,0.8513096570968628,0.9867614507675171
../data/ImageNet\bicycle_n02834778\20.JPG,bicycle,performance,0.9703616499900818,circus,0.963402509689331,entertainment,0.93760746717453,performing arts,0.904141366481781,pink,0.8651782274246216,0.0
../data/ImageNet\bicycle_n02834778\21.jpg,bicycle,land vehicle,0.9961627125740051,bicycle,0.9956408143043518,bicycle wheel,0.9922912120819092,vehicle,0.9903031587600708,bicycle tire,0.9839038848876953,0.9956408143043518
../data/ImageNet\bicycle_n02834778\22.jpg,bicycle,bicycle part,0.9845432639122009,bicycle tire,0.977982759475708,bicycle wheel,0.9638566970825195,vehicle,0.963193953037262,bicycle,0.9595834612846375,0.9595834612846375
../data/ImageNet\bicycle_n02834778\23.jpg,bicycle,lane,0.9672682285308838,bicycle,0.9574993848800659,transport,0.9233642220497131,vehicle,0.9178168773651123,mode of transport,0.9076903462409973,0.9574993848800659
../data/ImageNet\bicycle_n02834778\24.jpg,bicycle,bicycle,0.9956408143043518,bicycle wheel,0.98811936378479,vehicle,0.963193953037262,bicycle accessory,0.9495279788970947,bicycle frame,0.9424942135810852,0.9956408143043518
../data/ImageNet\bicycle_n02834778\3.jpg,bicycle,flower,0.9678164720535278,yellow,0.9583445191383362,plant,0.9007545709609985,spring,0.8472368717193604,narcissus,0.8001251220703125,0.0
../data/ImageNet\bicycle_n02834778\4.jpg,bicycle,bicycle,0.9956408143043518,bicycle wheel,0.9919708371162415,bicycle part,0.9872609376907349,bicycle handlebar,0.9436348676681519,bicycle accessory,0.9410306215286255,0.9956408143043518
../data/ImageNet\bicycle_n02834778\5.jpg,bicycle,bicycle,0.9956408143043518,bicycle wheel,0.992779016494751,bicycle part,0.9825250506401062,bicycle frame,0.9793812036514282,bicycle accessory,0.9708855152130127,0.9956408143043518
../data/ImageNet\bicycle_n02834778\6.jpg,bicycle,bicycle wheel,0.9882205724716187,bicycle,0.9660649299621582,bicycle tire,0.9203631281852722,bicycle part,0.9174217581748962,bicycle accessory,0.9152305722236633,0.9660649299621582
../data/ImageNet\bicycle_n02834778\7.jpg,bicycle,red,0.9153681993484497,wall,0.8944702744483948,bicycle,0.8713504076004028,vehicle,0.816806972026825,pink,0.8146790266036987,0.8713504076004028
../data/ImageNet\bicycle_n02834778\8.jpg,bicycle,bicycle wheel,0.9748604893684387,bicycle part,0.9664914011955261,bicycle tire,0.9325183629989624,bicycle,0.7854798436164856,vehicle,0.7548825740814209,0.7854798436164856
../data/ImageNet\bicycle_n02834778\9.jpg,bicycle,neighbourhood,0.9013820290565491,building,0.8754283785820007,property,0.8751006722450256,town,0.8518347144126892,mixed-use,0.7934321165084839,0.0
../data/ImageNet\birds_n01604330\0.jpg,bird,bird,0.9960000514984131,vertebrate,0.9851104021072388,european starling,0.9731823205947876,starling,0.9559476971626282,beak,0.9409297108650208,0.9960000514984131
../data/ImageNet\birds_n01604330\1.jpg,bird,bird,0.9858313798904419,beak,0.944757878780365,crane-like bird,0.9022738933563232,crane,0.886935293674469,stork,0.8511626720428467,0.9858313798904419
../data/ImageNet\birds_n01604330\10.jpg,bird,bird,0.9960000514984131,vertebrate,0.9851104021072388,hawk,0.9765048623085022,bird of prey,0.9662970304489136,beak,0.9636955857276917,0.9960000514984131
../data/ImageNet\birds_n01604330\11.jpg,bird,bird,0.9911496639251709,vertebrate,0.9851104021072388,canada goose,0.9751861095428467,water bird,0.9574507474899292,beak,0.944757878780365,0.9911496639251709
../data/ImageNet\birds_n01604330\12.jpg,bird,bird,0.9960000514984131,vertebrate,0.9851104021072388,beak,0.9832976460456848,wildlife,0.7285952568054199,plant,0.585474967956543,0.9960000514984131
../data/ImageNet\birds_n01604330\13.jpg,bird,bird,0.9960000514984131,red winged blackbird,0.9653046727180481,beak,0.9581319093704224,wing,0.8978450298309326,wildlife,0.5761504173278809,0.9960000514984131
../data/ImageNet\birds_n01604330\14.jpg,bird,bird,0.9960000514984131,hummingbird,0.9862843751907349,vertebrate,0.9851104021072388,beak,0.9832976460456848,wildlife,0.7623406052589417,0.9960000514984131
../data/ImageNet\birds_n01604330\15.jpg,bird,dog,0.9953705072402954,mammal,0.9890478253364563,vertebrate,0.9851104021072388,canidae,0.9813780188560486,dog breed,0.9767388701438904,0.0
../data/ImageNet\birds_n01604330\16.jpg,bird,bird,0.9911496639251709,beak,0.9532588720321655,wren,0.772900402545929,nightingale,0.7724360823631287,emberizidae,0.7624021768569946,0.9911496639251709
../data/ImageNet\birds_n01604330\17.jpg,bird,shore lark,0.9556109309196472,bird,0.9511563181877136,lark,0.9174495935440063,wildlife,0.894336462020874,beak,0.8082623481750488,0.9511563181877136
../data/ImageNet\birds_n01604330\18.jpg,bird,bird,0.9960000514984131,vertebrate,0.9851104021072388,beak,0.9832976460456848,eastern kingbird,0.9655505418777466,old world flycatcher,0.7368254661560059,0.9960000514984131
../data/ImageNet\birds_n01604330\19.jpg,bird,duck,0.9890908598899841,bird,0.9858313798904419,water bird,0.9596961140632629,mallard,0.9571214914321899,"ducks, geese and swans",0.9346070885658264,0.9858313798904419
../data/ImageNet\birds_n01604330\2.jpg,bird,bird,0.9816372394561768,european herring gull,0.965484082698822,gull,0.9551594853401184,western gull,0.9507387280464172,beak,0.9488422870635986,0.9816372394561768
../data/ImageNet\birds_n01604330\20.jpg,bird,bird,0.9960000514984131,beak,0.9373072981834412,coraciiformes,0.8745741844177246,cuculiformes,0.6735321879386902,parakeet,0.672730028629303,0.9960000514984131
../data/ImageNet\birds_n01604330\21.jpg,bird,bird,0.9911496639251709,chicken,0.9898490905761719,vertebrate,0.9851104021072388,rooster,0.982592761516571,fowl,0.9674021601676941,0.9911496639251709
../data/ImageNet\birds_n01604330\22.jpg,bird,bird,0.9960000514984131,budgie,0.9639366269111633,parakeet,0.9488248825073242,parrot,0.8974651098251343,beak,0.7845612168312073,0.9960000514984131
../data/ImageNet\birds_n01604330\23.jpg,bird,vertebrate,0.9851104021072388,bird,0.9627835154533386,crane-like bird,0.9288811087608337,wildlife,0.9097337126731873,crane,0.8487019538879395,0.9627835154533386
../data/ImageNet\birds_n01604330\24.JPG,bird,bird,0.9911496639251709,beak,0.9488422870635986,old world flycatcher,0.7368254661560059,perching bird,0.734792947769165,wildlife,0.7285952568054199,0.9911496639251709
../data/ImageNet\birds_n01604330\3.jpg,bird,bird,0.9729773998260498,beak,0.9155755043029785,branch,0.7660979628562927,sky,0.7326111197471619,wildlife,0.7285952568054199,0.9729773998260498
../data/ImageNet\birds_n01604330\4.jpg,bird,bird,0.9960000514984131,vertebrate,0.9851104021072388,beak,0.9832976460456848,bird-of-paradise,0.7820881605148315,perching bird,0.6164181232452393,0.9960000514984131
../data/ImageNet\birds_n01604330\5.jpg,bird,peafowl,0.9951714277267456,feather,0.978861391544342,bird,0.942705512046814,blue,0.9371774196624756,galliformes,0.908075213432312,0.942705512046814
../data/ImageNet\birds_n01604330\6.jpg,bird,bird,0.9960000514984131,vertebrate,0.9851104021072388,shorebird,0.972847580909729,ruddy turnstone,0.9712470769882202,beak,0.9581319093704224,0.9960000514984131
../data/ImageNet\birds_n01604330\7.jpg,bird,sky,0.9724588990211487,ocean,0.9484150409698486,sea,0.94639652967453,beach,0.9433833956718445,water,0.9388793110847473,0.0
../data/ImageNet\birds_n01604330\8.jpg,bird,bird,0.9882640838623047,beak,0.9636955857276917,hummingbird,0.9082948565483093,wildlife,0.9052615165710449,twig,0.6057708859443665,0.9882640838623047
../data/ImageNet\birds_n01604330\9.jpg,bird,bird,0.9762338399887085,blue jay,0.9070614576339722,beak,0.8459697961807251,jay,0.8367276787757874,perching bird,0.7089256048202515,0.9762338399887085
../data/ImageNet\dog_n02084071\0.jpg,dog,dog,0.9172691702842712,canidae,0.8948318958282471,companion dog,0.7883269190788269,sporting group,0.7128691077232361,carnivore,0.6366137862205505,0.9172691702842712
../data/ImageNet\dog_n02084071\1.jpg,dog,dog,0.9596192240715027,canidae,0.9521181583404541,dog breed,0.9280125498771667,sky,0.862245500087738,dog hiking,0.7689965963363647,0.9596192240715027
../data/ImageNet\dog_n02084071\10.jpg,dog,dog,0.9953705072402954,mammal,0.9890478253364563,canidae,0.9813780188560486,dog breed,0.9767388701438904,snow,0.9540165662765503,0.9953705072402954
../data/ImageNet\dog_n02084071\11.jpg,dog,mammal,0.9890478253364563,vertebrate,0.9851104021072388,dog,0.9766467809677124,canidae,0.9719749093055725,dog breed,0.9615269899368286,0.9766467809677124
../data/ImageNet\dog_n02084071\12.jpg,dog,dog,0.9953705072402954,mammal,0.9890478253364563,vertebrate,0.9851104021072388,canidae,0.9813780188560486,dog breed,0.9526510834693909,0.9953705072402954
../data/ImageNet\dog_n02084071\13.jpg,dog,vertebrate,0.9851104021072388,canidae,0.8881458044052124,dog,0.8692891001701355,wildlife,0.7285952568054199,sporting group,0.7284096479415894,0.8692891001701355
../data/ImageNet\dog_n02084071\14.jpg,dog,canidae,0.917920708656311,dog,0.9128437042236328,bicycle accessory,0.8725925087928772,transport,0.8513096570968628,street dog,0.8196380734443665,0.9128437042236328
../data/ImageNet\dog_n02084071\15.jpg,dog,dog,0.9766467809677124,mammal,0.975814163684845,canidae,0.9670482277870178,dog breed,0.9396913647651672,grass,0.9230314493179321,0.9766467809677124
../data/ImageNet\dog_n02084071\16.jpg,dog,cat,0.8579269647598267,black-and-white,0.8072261214256287,felidae,0.7114019393920898,monochrome,0.6010186672210693,whisker,0.5936816930770874,0.0
../data/ImageNet\dog_n02084071\17.jpg,dog,dog,0.9953705072402954,mammal,0.9890478253364563,vertebrate,0.9851104021072388,dog breed,0.9838448762893677,canidae,0.9813780188560486,0.9953705072402954
../data/ImageNet\dog_n02084071\18.jpg,dog,canidae,0.9501953721046448,dog,0.9498147964477539,dog breed,0.9192428588867188,carnivore,0.7878949642181396,leaf,0.7594611644744873,0.9498147964477539
../data/ImageNet\dog_n02084071\19.jpg,dog,dog,0.9953705072402954,mammal,0.9890478253364563,vertebrate,0.9851104021072388,dog breed,0.9838448762893677,canidae,0.9813780188560486,0.9953705072402954
../data/ImageNet\dog_n02084071\2.jpg,dog,dog,0.9953705072402954,mammal,0.9890478253364563,vertebrate,0.9851104021072388,dog breed,0.9838448762893677,canidae,0.9813780188560486,0.9953705072402954
../data/ImageNet\dog_n02084071\20.jpg,dog,dog,0.9279255867004395,canidae,0.9140077829360962,water,0.9100271463394165,sunset,0.9050177931785583,sky,0.8857545852661133,0.9279255867004395
../data/ImageNet\dog_n02084071\21.jpg,dog,dog,0.9876207113265991,pug,0.98673015832901,canidae,0.9701820015907288,dog breed,0.8927913904190063,snout,0.8251876831054688,0.9876207113265991
../data/ImageNet\dog_n02084071\22.jpg,dog,mammal,0.9890478253364563,vertebrate,0.9851104021072388,dog,0.9833251237869263,canidae,0.9719749093055725,dog breed,0.9257802963256836,0.9833251237869263
../data/ImageNet\dog_n02084071\23.jpg,dog,dog breed,0.9421568512916565,canidae,0.9370373487472534,dog,0.9248253703117371,snout,0.7840312123298645,carnivore,0.7275981903076172,0.9248253703117371
../data/ImageNet\dog_n02084071\24.JPG,dog,mammal,0.9890478253364563,vertebrate,0.9851104021072388,canidae,0.968555212020874,dog,0.9639437794685364,dog breed,0.9325709939002991,0.9639437794685364
../data/ImageNet\dog_n02084071\3.jpg,dog,dog,0.9953705072402954,mammal,0.9890478253364563,vertebrate,0.9851104021072388,dog breed,0.9838448762893677,canidae,0.9813780188560486,0.9953705072402954
../data/ImageNet\dog_n02084071\4.jpg,dog,dog,0.9953705072402954,dog breed,0.9838448762893677,canidae,0.9813780188560486,mammal,0.9705943465232849,companion dog,0.8877832889556885,0.9953705072402954
../data/ImageNet\dog_n02084071\5.jpg,dog,dog,0.9953705072402954,mammal,0.9890478253364563,vertebrate,0.9851104021072388,dog breed,0.9838448762893677,canidae,0.9813780188560486,0.9953705072402954
../data/ImageNet\dog_n02084071\6.jpg,dog,dog,0.9953705072402954,mammal,0.9890478253364563,vertebrate,0.9851104021072388,dog breed,0.9838448762893677,canidae,0.9813780188560486,0.9953705072402954
../data/ImageNet\dog_n02084071\7.jpg,dog,mammal,0.9890478253364563,vertebrate,0.9851104021072388,dog,0.9833251237869263,canidae,0.9740216135978699,dog breed,0.9683250188827515,0.9833251237869263
../data/ImageNet\dog_n02084071\8.jpg,dog,dog,0.9953705072402954,mammal,0.9890478253364563,vertebrate,0.9851104021072388,dog breed,0.9838448762893677,canidae,0.9813780188560486,0.9953705072402954
../data/ImageNet\dog_n02084071\9.jpg,dog,dog,0.9516856074333191,canidae,0.9438356757164001,dog breed,0.8272520303726196,sporting group,0.7552359700202942,companion dog,0.7380192279815674,0.9516856074333191
../data/ImageNet\fishing_n00453935\0.jpg,fishing,fish,0.9697583317756653,fish,0.9250949025154114,fishing,0.9007315635681152,bass,0.8306363821029663,recreation,0.7356995344161987,0.9007315635681152
../data/ImageNet\fishing_n00453935\1.jpg,fishing,fish,0.967623233795166,fish,0.9153886437416077,fishing,0.7191702127456665,bony-fish,0.6171716451644897,ray-finned fish,0.5594398379325867,0.7191702127456665
../data/ImageNet\fishing_n00453935\10.jpg,fishing,fishing,0.9694410562515259,recreational fishing,0.9410763382911682,fish,0.928586483001709,outdoor recreation,0.894755482673645,cod,0.8838794231414795,0.9694410562515259
../data/ImageNet\fishing_n00453935\11.jpg,fishing,atlantic blue marlin,0.949999988079071,water,0.9100271463394165,fish,0.8987624049186707,marlin,0.8053272366523743,swordfish,0.7320890426635742,0.0
../data/ImageNet\fishing_n00453935\12.jpg,fishing,fishing,0.7348089218139648,recreation,0.7290773391723633,fish,0.6926564574241638,recreational fishing,0.6008016467094421,wildlife biologist,0.5871679782867432,0.7348089218139648
../data/ImageNet\fishing_n00453935\13.jpg,fishing,vehicle,0.963193953037262,boat,0.9596700072288513,water transportation,0.9300153851509094,speedboat,0.8865522146224976,recreational fishing,0.8579674959182739,0.0
../data/ImageNet\fishing_n00453935\14.jpg,fishing,vehicle,0.9903031587600708,water transportation,0.9833211898803711,boat,0.9532259106636047,speedboat,0.8993567824363708,watercraft,0.8214355111122131,0.0
../data/ImageNet\fishing_n00453935\15.jpg,fishing,recreational fishing,0.9202009439468384,fishing,0.8412300944328308,recreation,0.8172188401222229,fisherman,0.7481421232223511,boats and boating--equipment and supplies,0.6502756476402283,0.8412300944328308
../data/ImageNet\fishing_n00453935\16.jpg,fishing,vehicle,0.9903031587600708,water transportation,0.9842466711997986,speedboat,0.9640721082687378,boat,0.9596700072288513,boating,0.940690279006958,0.0
../data/ImageNet\fishing_n00453935\17.jpg,fishing,water transportation,0.9841282367706299,vehicle,0.963193953037262,boat,0.9493434429168701,speedboat,0.9144213795661926,boating,0.8959723711013794,0.0
../data/ImageNet\fishing_n00453935\18.jpg,fishing,community,0.8732061982154846,team,0.8345943093299866,grass,0.6880232691764832,tree,0.6869218349456787,competition event,0.6773635745048523,0.0
../data/ImageNet\fishing_n00453935\19.jpg,fishing,fishing,0.9694410562515259,sailfish,0.9535407423973083,fish,0.9409109354019165,recreational fishing,0.9360462427139282,recreation,0.8606734871864319,0.9694410562515259
../data/ImageNet\fishing_n00453935\2.jpg,fishing,fish,0.7857881188392639,recreation,0.6427465081214905,fish,0.5731056928634644,marine biology,0.5316000580787659,,0.0,0.0
../data/ImageNet\fishing_n00453935\20.jpg,fishing,boat,0.9596700072288513,vehicle,0.955994725227356,water transportation,0.866154670715332,fishing vessel,0.8649908304214478,speedboat,0.8502452373504639,0.0
../data/ImageNet\fishing_n00453935\21.jpg,fishing,water transportation,0.9600732326507568,vehicle,0.9331716895103455,boat,0.8164043426513672,plant community,0.7889635562896729,speedboat,0.6875913739204407,0.0
../data/ImageNet\fishing_n00453935\22.jpg,fishing,fish,0.9871194958686829,fishing,0.9753853678703308,fish,0.9468533992767334,recreational fishing,0.9086422920227051,recreation,0.8381229043006897,0.9753853678703308
../data/ImageNet\fishing_n00453935\23.jpg,fishing,fish,0.9617404341697693,fish,0.9558978080749512,atlantic bluefin tuna,0.8796961307525635,tuna,0.8075180053710938,albacore fish,0.7692307233810425,0.0
../data/ImageNet\fishing_n00453935\24.jpg,fishing,fishing,0.9723566174507141,recreational fishing,0.9545756578445435,angling,0.9333314895629883,fishing rod,0.9325456619262695,fisherman,0.9216156005859375,0.9723566174507141
../data/ImageNet\fishing_n00453935\3.jpg,fishing,sky,0.9127334952354431,water,0.9100271463394165,city,0.8202562928199768,skyline,0.791865348815918,boat,0.7379494309425354,0.0
../data/ImageNet\fishing_n00453935\4.jpg,fishing,fish,0.9581395387649536,fishing,0.9146042466163635,fish,0.8837092518806458,recreation,0.8172188401222229,jigging,0.8002198338508606,0.9146042466163635
../data/ImageNet\fishing_n00453935\5.jpg,fishing,fishing,0.8641618490219116,recreational fishing,0.8386295437812805,recreation,0.803292989730835,sea,0.7390329241752625,vacation,0.7312843203544617,0.8641618490219116
../data/ImageNet\fishing_n00453935\6.jpg,fishing,fish,0.9770020246505737,fishing,0.9753853678703308,fish,0.9535727500915527,recreational fishing,0.9508650302886963,fisherman,0.8849301338195801,0.9753853678703308
../data/ImageNet\fishing_n00453935\7.jpg,fishing,fishing,0.9785757660865784,fish,0.9770020246505737,recreational fishing,0.9475265145301819,fish,0.939579963684082,recreation,0.8572224378585815,0.9785757660865784
../data/ImageNet\fishing_n00453935\8.jpg,fishing,fishing,0.9457102417945862,recreational fishing,0.9328676462173462,outdoor recreation,0.9097169637680054,recreation,0.899376392364502,big-game fishing,0.8743360042572021,0.9457102417945862
../data/ImageNet\fishing_n00453935\9.jpg,fishing,recreation,0.5942989587783813,recreational fishing,0.5393550992012024,,0.0,,0.0,,0.0,0.0
../data/ImageNet\gymnastics_n00433802\0.jpg,gymnastics,static trapeze,0.8351016640663147,performance,0.7791406512260437,trapeze,0.7197093963623047,individual sports,0.6706396341323853,gymnastics,0.6447045803070068,0.6447045803070068
../data/ImageNet\gymnastics_n00433802\1.jpg,gymnastics,sport,0.9889867305755615,artistic gymnastics,0.9635097980499268,gymnastics,0.9410520792007446,individual sports,0.9133718609809875,tumbling (gymnastics),0.8082918524742126,0.9410520792007446
../data/ImageNet\gymnastics_n00433802\10.jpg,gymnastics,sport,0.9889867305755615,gymnastics,0.948140561580658,individual sports,0.9133718609809875,rhythmic gymnastics,0.904960572719574,performing arts,0.8401898145675659,0.948140561580658
../data/ImageNet\gymnastics_n00433802\11.jpg,gymnastics,sport,0.9889867305755615,gymnastics,0.9730129837989807,sport aerobics,0.9382417798042297,acrobatics,0.9346927404403687,rhythmic gymnastics,0.9309775233268738,0.9730129837989807
../data/ImageNet\gymnastics_n00433802\12.jpg,gymnastics,parallel bars,0.9668883085250854,hurdling,0.645857036113739,hurdle,0.6392601728439331,individual sports,0.601100504398346,sport,0.5599130392074585,0.0
../data/ImageNet\gymnastics_n00433802\13.jpg,gymnastics,artistic gymnastics,0.8494539260864258,sport,0.8251868486404419,gymnastics,0.7756282687187195,floor exercise,0.7163552641868591,competition event,0.6773635745048523,0.7756282687187195
../data/ImageNet\gymnastics_n00433802\14.jpg,gymnastics,artistic gymnastics,0.8795665502548218,floor exercise,0.8451070785522461,sport,0.8068804740905762,gymnastics,0.7956066727638245,competition,0.6726323962211609,0.7956066727638245
../data/ImageNet\gymnastics_n00433802\15.jpg,gymnastics,sport,0.9200862646102905,competition event,0.8032378554344177,competition,0.7524461150169373,gymnastics,0.7481443881988525,team,0.7453280687332153,0.7481443881988525
../data/ImageNet\gymnastics_n00433802\16.jpg,gymnastics,gymnastics,0.9445507526397705,tumbling (gymnastics),0.8880500197410583,individual sports,0.8591100573539734,artistic gymnastics,0.8530160188674927,snapshot,0.84114009141922,0.9445507526397705
../data/ImageNet\gymnastics_n00433802\17.jpg,gymnastics,gymnastics,0.986140787601471,artistic gymnastics,0.9807406663894653,rhythmic gymnastics,0.9236969947814941,individual sports,0.9051045775413513,tumbling (gymnastics),0.8503494262695312,0.986140787601471
../data/ImageNet\gymnastics_n00433802\18.jpg,gymnastics,sportswear,0.8808765411376953,leg,0.8079746961593628,arm,0.8031198978424072,shoulder,0.7507902979850769,physical fitness,0.7344343066215515,0.0
../data/ImageNet\gymnastics_n00433802\19.jpg,gymnastics,gymnastics,0.9034343361854553,artistic gymnastics,0.902742862701416,individual sports,0.7578392624855042,sport,0.6776546835899353,sport aerobics,0.5540428161621094,0.9034343361854553
../data/ImageNet\gymnastics_n00433802\20.jpg,gymnastics,sport,0.9889867305755615,individual sports,0.9104551076889038,tumbling (gymnastics),0.9104159474372864,artistic gymnastics,0.9009394645690918,gymnastics,0.8673563599586487,0.8673563599586487
../data/ImageNet\gymnastics_n00433802\21.jpg,gymnastics,gymnastics,0.986140787601471,floor exercise,0.9373903870582581,artistic gymnastics,0.9327029585838318,individual sports,0.9081284999847412,rhythmic gymnastics,0.899427056312561,0.986140787601471
../data/ImageNet\gymnastics_n00433802\22.jpg,gymnastics,arm,0.7560437321662903,hand,0.6969173550605774,individual sports,0.6950659155845642,muscle,0.6794060468673706,artistic gymnastics,0.6429766416549683,0.0
../data/ImageNet\gymnastics_n00433802\23.jpg,gymnastics,sport,0.9889867305755615,artistic gymnastics,0.902742862701416,individual sports,0.8569826483726501,muscle,0.7229806184768677,gymnastics,0.679273784160614,0.679273784160614
../data/ImageNet\gymnastics_n00433802\24.jpg,gymnastics,people on beach,0.9590799808502197,spring break,0.9587312936782837,fun,0.8857806921005249,vacation,0.7878450155258179,public event,0.783193051815033,0.0
../data/ImageNet\gymnastics_n00433802\3.jpg,gymnastics,performance,0.956783652305603,acrobatics,0.9558045864105225,tumbling (gymnastics),0.855530858039856,public event,0.783193051815033,artistic gymnastics,0.7477166652679443,0.0
../data/ImageNet\gymnastics_n00433802\4.jpg,gymnastics,sport,0.9889867305755615,artistic gymnastics,0.9537568688392639,gymnastics,0.948140561580658,individual sports,0.9023897647857666,balance beam,0.8844882249832153,0.948140561580658
../data/ImageNet\gymnastics_n00433802\5.jpg,gymnastics,gymnastics,0.9342835545539856,artistic gymnastics,0.9230393171310425,acrobatics,0.8254928588867188,tumbling (gymnastics),0.8235374093055725,performance,0.7754855155944824,0.9342835545539856
../data/ImageNet\gymnastics_n00433802\6.jpg,gymnastics,physical fitness,0.892684817314148,arm,0.8726047277450562,tumbling (gymnastics),0.8634613752365112,shoulder,0.8339410424232483,stretching,0.8315005898475647,0.0
../data/ImageNet\gymnastics_n00433802\7.jpg,gymnastics,sport,0.8156690001487732,artistic gymnastics,0.8149513602256775,individual sports,0.7177014946937561,gymnastics,0.679273784160614,competition event,0.6773635745048523,0.679273784160614
../data/ImageNet\gymnastics_n00433802\8.jpg,gymnastics,shoulder,0.9314845204353333,arm,0.881848156452179,joint,0.8751438856124878,leg,0.8717107176780701,thigh,0.8647723197937012,0.0
../data/ImageNet\gymnastics_n00433802\9.jpg,gymnastics,sport,0.9889867305755615,gymnastics,0.986140787601471,rhythmic gymnastics,0.9600852131843567,artistic gymnastics,0.9366891384124756,performing arts,0.9177951216697693,0.986140787601471
../data/ImageNet\jet_n03335030\0.jpg,jet,airplane,0.98580402135849,aircraft,0.9799872040748596,military aircraft,0.9631540775299072,air force,0.9512101411819458,fighter aircraft,0.9490194320678711,0.0
../data/ImageNet\jet_n03335030\1.jpg,jet,airplane,0.9602205157279968,aviation,0.9509226083755493,aerospace engineering,0.9421898126602173,aircraft,0.8849673867225647,vehicle,0.8714888691902161,0.0
../data/ImageNet\jet_n03335030\10.jpg,jet,aircraft,0.9937669038772583,airplane,0.9885324239730835,air force,0.9505501985549927,vehicle,0.9435054659843445,aviation,0.9092171788215637,0.0
../data/ImageNet\jet_n03335030\11.jpg,jet,aircraft,0.9937669038772583,airplane,0.9892838597297668,aviation,0.9731509685516357,vehicle,0.963193953037262,military aircraft,0.8762824535369873,0.0
../data/ImageNet\jet_n03335030\12.jpg,jet,aircraft,0.9937669038772583,airplane,0.9892838597297668,aviation,0.9795874357223511,air force,0.9787465333938599,jet aircraft,0.968238890171051,0.0
../data/ImageNet\jet_n03335030\13.jpg,jet,aircraft,0.9937669038772583,aviation,0.9908741116523743,vehicle,0.9903031587600708,airplane,0.9892838597297668,flight,0.9447886943817139,0.0
../data/ImageNet\jet_n03335030\14.jpg,jet,aircraft,0.9937669038772583,airplane,0.9885324239730835,vehicle,0.9509403109550476,air force,0.9485691785812378,military aircraft,0.947091817855835,0.0
../data/ImageNet\jet_n03335030\15.jpg,jet,aircraft,0.9847735166549683,airplane,0.9838712215423584,aviation,0.9678101539611816,air force,0.9459207057952881,vehicle,0.9272748827934265,0.0
../data/ImageNet\jet_n03335030\16.jpg,jet,airplane,0.987821638584137,aircraft,0.9847735166549683,air force,0.9768771529197693,fighter aircraft,0.9674021005630493,military aircraft,0.9542891979217529,0.0
../data/ImageNet\jet_n03335030\17.jpg,jet,airplane,0.9801048040390015,aircraft,0.9613985419273376,aerospace engineering,0.9377126693725586,aviation,0.9282245635986328,vehicle,0.9067017436027527,0.0
../data/ImageNet\jet_n03335030\18.jpg,jet,aircraft,0.9937669038772583,vehicle,0.9903031587600708,airplane,0.9885324239730835,aviation,0.9678101539611816,flight,0.9082780480384827,0.0
../data/ImageNet\jet_n03335030\19.jpg,jet,airplane,0.9707154631614685,vehicle,0.963193953037262,aircraft,0.9613985419273376,military aircraft,0.8794530034065247,fighter aircraft,0.8687392473220825,0.0
../data/ImageNet\jet_n03335030\2.jpg,jet,aircraft,0.9937669038772583,vehicle,0.9903031587600708,airplane,0.987821638584137,propeller-driven aircraft,0.9826642870903015,aviation,0.9678101539611816,0.0
../data/ImageNet\jet_n03335030\20.jpg,jet,aircraft,0.9937669038772583,airplane,0.9901694655418396,aviation,0.9795874357223511,air force,0.9787465333938599,jet aircraft,0.968238890171051,0.0
../data/ImageNet\jet_n03335030\21.jpg,jet,aircraft,0.9937669038772583,vehicle,0.9903031587600708,airplane,0.9901694655418396,fighter aircraft,0.9822614192962646,jet aircraft,0.968238890171051,0.0
../data/ImageNet\jet_n03335030\22.jpg,jet,airplane,0.98580402135849,aircraft,0.9799872040748596,air force,0.9639326333999634,air show,0.93392413854599,vehicle,0.9272748827934265,0.0
../data/ImageNet\jet_n03335030\23.jpg,jet,airplane,0.9864634275436401,aircraft,0.976082444190979,model aircraft,0.9624889492988586,military aircraft,0.935127854347229,vehicle,0.8984794020652771,0.0
../data/ImageNet\jet_n03335030\24.jpg,jet,airplane,0.9819782972335815,aircraft,0.9439485669136047,vehicle,0.9113239645957947,military aircraft,0.8612465262413025,fighter aircraft,0.8606511950492859,0.0
../data/ImageNet\jet_n03335030\3.jpg,jet,aircraft,0.9937669038772583,airplane,0.9892838597297668,jet aircraft,0.968238890171051,military aircraft,0.9631540775299072,air force,0.9611941576004028,0.0
../data/ImageNet\jet_n03335030\4.jpg,jet,aircraft,0.9937669038772583,airplane,0.9892838597297668,vehicle,0.963193953037262,aviation,0.9587501883506775,military aircraft,0.9000527858734131,0.0
../data/ImageNet\jet_n03335030\5.jpg,jet,aircraft,0.9937669038772583,vehicle,0.9903031587600708,airplane,0.9892838597297668,fighter aircraft,0.9822614192962646,military aircraft,0.9798246622085571,0.0
../data/ImageNet\jet_n03335030\6.jpg,jet,aircraft,0.9937669038772583,airplane,0.9885324239730835,military aircraft,0.9631540775299072,vehicle,0.9509403109550476,air force,0.9385457038879395,0.0
../data/ImageNet\jet_n03335030\7.jpg,jet,aircraft,0.9937669038772583,aviation,0.9908741116523743,vehicle,0.9903031587600708,airplane,0.9871345162391663,military aircraft,0.9077209234237671,0.0
../data/ImageNet\jet_n03335030\8.jpg,jet,airplane,0.9813523888587952,aircraft,0.9726570248603821,aviation,0.9547208547592163,vehicle,0.9435054659843445,air force,0.913827121257782,0.0
../data/ImageNet\jet_n03335030\9.jpg,jet,vehicle,0.9903031587600708,airplane,0.9871345162391663,aircraft,0.9847735166549683,aviation,0.9587501883506775,aerospace manufacturer,0.9151620864868164,0.0
../data/ImageNet\motorcycle_n03790512\0.jpg,motorcycle,land vehicle,0.9961627125740051,vehicle,0.9903031587600708,motor vehicle,0.9743772745132446,motorcycle,0.948199987411499,mode of transport,0.9117557406425476,0.948199987411499
../data/ImageNet\motorcycle_n03790512\1.jpg,motorcycle,land vehicle,0.9961627125740051,vehicle,0.9903031587600708,motor vehicle,0.9811444282531738,motorcycle,0.9014374613761902,mode of transport,0.8827980756759644,0.9014374613761902
../data/ImageNet\motorcycle_n03790512\10.jpg,motorcycle,land vehicle,0.9961627125740051,vehicle,0.963193953037262,motorcycle,0.9074196219444275,headlamp,0.9015977382659912,motor vehicle,0.9010037183761597,0.9074196219444275
../data/ImageNet\motorcycle_n03790512\11.jpg,motorcycle,land vehicle,0.9961627125740051,vehicle,0.9903031587600708,motorcycling,0.9659525752067566,motorcycle,0.9612568020820618,motor vehicle,0.9010037183761597,0.9612568020820618
../data/ImageNet\motorcycle_n03790512\12.jpg,motorcycle,land vehicle,0.9961627125740051,vehicle,0.9903031587600708,motorcycle racer,0.9817669987678528,motorcycle,0.977904736995697,race track,0.9196521043777466,0.977904736995697
../data/ImageNet\motorcycle_n03790512\13.jpg,motorcycle,team,0.9077960848808289,motor vehicle,0.9010037183761597,vehicle,0.8664366006851196,motorcycle,0.8409319519996643,motorcycling,0.6552949547767639,0.8409319519996643
../data/ImageNet\motorcycle_n03790512\14.jpg,motorcycle,landmark,0.8913570046424866,sky,0.8857545852661133,monument,0.8187437653541565,road,0.8160697817802429,tourism,0.8103907108306885,0.0
../data/ImageNet\motorcycle_n03790512\15.jpg,motorcycle,lane,0.966945230960846,road,0.9632881283760071,asphalt,0.9275029301643372,motor vehicle,0.9010037183761597,vehicle,0.8903123140335083,0.0
../data/ImageNet\motorcycle_n03790512\16.jpg,motorcycle,land vehicle,0.9961627125740051,vehicle,0.9903031587600708,motorcycle,0.9893859624862671,motorcycle accessories,0.9170271754264832,motor vehicle,0.9010037183761597,0.9893859624862671
../data/ImageNet\motorcycle_n03790512\17.jpg,motorcycle,mode of transport,0.9676359295845032,motor vehicle,0.962722659111023,bovine,0.9094120264053345,vehicle,0.8903123140335083,transport,0.8718088865280151,0.0
../data/ImageNet\motorcycle_n03790512\18.jpg,motorcycle,land vehicle,0.9961627125740051,vehicle,0.9903031587600708,motorcycle,0.9861881136894226,motor vehicle,0.98171466588974,motorcycling,0.9252839088439941,0.9861881136894226
../data/ImageNet\motorcycle_n03790512\19.jpg,motorcycle,vehicle,0.9469120502471924,mountain pass,0.8639932870864868,motorcycle,0.8471154570579529,mode of transport,0.8394080996513367,motorcycling,0.7890196442604065,0.8471154570579529
../data/ImageNet\motorcycle_n03790512\2.jpg,motorcycle,land vehicle,0.9961627125740051,motorcycle,0.9935615658760071,vehicle,0.9903031587600708,motor vehicle,0.962722659111023,car,0.8843886852264404,0.9935615658760071
../data/ImageNet\motorcycle_n03790512\20.jpg,motorcycle,land vehicle,0.9961627125740051,vehicle,0.9903031587600708,motorcycle,0.9861881136894226,motor vehicle,0.9743772745132446,car,0.937602162361145,0.9861881136894226
../data/ImageNet\motorcycle_n03790512\21.jpg,motorcycle,land vehicle,0.9961627125740051,vehicle,0.9903031587600708,motor vehicle,0.9783723950386047,motorcycle,0.9568230509757996,car,0.9531705975532532,0.9568230509757996
../data/ImageNet\motorcycle_n03790512\22.jpg,motorcycle,land vehicle,0.9961627125740051,motorcycle,0.9935615658760071,vehicle,0.9903031587600708,motor vehicle,0.9743772745132446,automotive tire,0.958041250705719,0.9935615658760071
../data/ImageNet\motorcycle_n03790512\23.jpg,motorcycle,land vehicle,0.9961627125740051,vehicle,0.9903031587600708,motorcycle,0.9805315136909485,motorcycling,0.8997572064399719,car,0.7870528697967529,0.9805315136909485
../data/ImageNet\motorcycle_n03790512\24.jpg,motorcycle,land vehicle,0.9961627125740051,vehicle,0.9903031587600708,motorcycle,0.9893859624862671,car,0.9870125651359558,automotive exhaust,0.8440169095993042,0.9893859624862671
../data/ImageNet\motorcycle_n03790512\3.jpg,motorcycle,vehicle,0.9331716895103455,motor vehicle,0.9010037183761597,spoke,0.883308470249176,bicycle wheel,0.787071943283081,motorcycle,0.7713584303855896,0.7713584303855896
../data/ImageNet\motorcycle_n03790512\4.jpg,motorcycle,land vehicle,0.9961627125740051,motorcycle,0.9935615658760071,vehicle,0.9903031587600708,motor vehicle,0.9783723950386047,cruiser,0.9318070411682129,0.9935615658760071
../data/ImageNet\motorcycle_n03790512\5.jpg,motorcycle,land vehicle,0.9961627125740051,motorcycle,0.9935615658760071,vehicle,0.9903031587600708,motorcycling,0.9609555006027222,motorcycle accessories,0.8729238510131836,0.9935615658760071
../data/ImageNet\motorcycle_n03790512\6.jpg,motorcycle,land vehicle,0.9961627125740051,vehicle,0.9903031587600708,stunt performer,0.9876198172569275,stunt,0.9772037267684937,motorcycling,0.9764140248298645,0.0
../data/ImageNet\motorcycle_n03790512\7.jpg,motorcycle,land vehicle,0.9961627125740051,vehicle,0.9903031587600708,motorcycle,0.9893859624862671,motor vehicle,0.9828500747680664,automotive tire,0.9488014578819275,0.9893859624862671
../data/ImageNet\motorcycle_n03790512\8.jpg,motorcycle,vehicle,0.955994725227356,motorcycle,0.9398106932640076,car,0.8138912916183472,motorcycling,0.733616828918457,adventure,0.6811125874519348,0.9398106932640076
../data/ImageNet\motorcycle_n03790512\9.jpg,motorcycle,vehicle,0.963193953037262,bicycle,0.9163417816162109,mode of transport,0.8394080996513367,transport,0.835134744644165,cycling,0.8132296800613403,0.0
../data/ImageNet\shark_n01482330\0.jpg,shark,fish,0.9798911809921265,blue,0.9681704044342041,fish,0.905998170375824,marine biology,0.8529576659202576,organism,0.7151590585708618,0.0
../data/ImageNet\shark_n01482330\1.jpg,shark,fish,0.9831167459487915,shark,0.960187554359436,tiger shark,0.9400787353515625,requiem shark,0.919927716255188,cartilaginous fish,0.9178624153137207,0.960187554359436
../data/ImageNet\shark_n01482330\10.jpg,shark,fish,0.9871194958686829,underwater,0.9704729318618774,fin,0.9631251096725464,marine biology,0.9576302170753479,shark,0.9500126242637634,0.9500126242637634
../data/ImageNet\shark_n01482330\11.jpg,shark,whale shark,0.980758786201477,marine biology,0.9655975103378296,fish,0.9438159465789795,underwater,0.8842489719390869,shark,0.8359776735305786,0.8359776735305786
../data/ImageNet\shark_n01482330\12.jpg,shark,underwater,0.9786240458488464,fish,0.9697583317756653,marine biology,0.9554700255393982,reef,0.8950390815734863,organism,0.8862406015396118,0.0
../data/ImageNet\shark_n01482330\13.jpg,shark,fish,0.9599134922027588,marine biology,0.9367685317993164,underwater,0.9110629558563232,bronze hammerhead shark,0.9102159142494202,shark,0.9078428745269775,0.9078428745269775
../data/ImageNet\shark_n01482330\14.jpg,shark,fish,0.9831167459487915,fish,0.9576686024665833,green,0.9354104399681091,sand tiger shark,0.9193074703216553,fin,0.9081537127494812,0.0
../data/ImageNet\shark_n01482330\15.jpg,shark,great white shark,0.9757965207099915,shark,0.9686872959136963,fish,0.9599134922027588,lamniformes,0.945077121257782,lamnidae,0.9427715539932251,0.9686872959136963
../data/ImageNet\shark_n01482330\16.jpg,shark,fish,0.9947229623794556,fish,0.9772592782974243,great white shark,0.965628981590271,shark,0.9549852609634399,marine biology,0.9491413235664368,0.9549852609634399
../data/ImageNet\shark_n01482330\17.jpg,shark,fish,0.9498845934867859,fishing,0.9146042466163635,fish,0.8854770064353943,recreation,0.8253232836723328,fisherman,0.685305118560791,0.0
../data/ImageNet\shark_n01482330\18.jpg,shark,fish,0.9246781468391418,underwater,0.9037708640098572,marine biology,0.8571314811706543,cartilaginous fish,0.8550392389297485,water,0.8073040843009949,0.0
../data/ImageNet\shark_n01482330\19.jpg,shark,fish,0.9483305215835571,fin,0.9170142412185669,shark,0.9162906408309937,great white shark,0.9058309197425842,cartilaginous fish,0.868209958076477,0.9162906408309937
../data/ImageNet\shark_n01482330\2.jpg,shark,fish,0.9831167459487915,marine biology,0.9491413235664368,water,0.9100271463394165,fish,0.8854770064353943,underwater,0.8645333051681519,0.0
../data/ImageNet\shark_n01482330\20.jpg,shark,marine biology,0.9429355263710022,fish,0.8880047798156738,fin,0.8277919292449951,underwater,0.8190571665763855,marine mammal,0.8073182106018066,0.0
../data/ImageNet\shark_n01482330\21.jpg,shark,fish,0.9798579216003418,tiger shark,0.940852701663971,shark,0.9405375123023987,great white shark,0.9251726865768433,cartilaginous fish,0.9224504828453064,0.9405375123023987
../data/ImageNet\shark_n01482330\22.jpg,shark,fish,0.9581395387649536,cartilaginous fish,0.9163488745689392,blue,0.9118428230285645,marine biology,0.8817522525787354,manta ray,0.8735325932502747,0.0
../data/ImageNet\shark_n01482330\23.jpg,shark,fish,0.9947229623794556,shark,0.9718472957611084,underwater,0.9704729318618774,marine biology,0.9655975103378296,cartilaginous fish,0.9589511752128601,0.9718472957611084
../data/ImageNet\shark_n01482330\24.jpg,shark,fish,0.9312392473220825,shark,0.8912510871887207,cartilaginous fish,0.8696624636650085,requiem shark,0.8479459881782532,tiger shark,0.8204083442687988,0.8912510871887207
../data/ImageNet\shark_n01482330\3.jpg,shark,water,0.9388793110847473,underwater,0.8989031910896301,fish,0.8439988493919373,marine biology,0.796238899230957,ocean,0.7514255046844482,0.0
../data/ImageNet\shark_n01482330\4.jpg,shark,fish,0.9380761384963989,fish,0.8275192379951477,swordfish,0.6455196142196655,shark,0.5501594543457031,marine mammal,0.5041636824607849,0.5501594543457031
../data/ImageNet\shark_n01482330\5.jpg,shark,dolphin,0.8992603421211243,short-beaked common dolphin,0.8571178913116455,common bottlenose dolphin,0.8106830716133118,marine mammal,0.766189455986023,fish,0.7015783190727234,0.0
../data/ImageNet\shark_n01482330\6.jpg,shark,fish,0.9697583317756653,shark,0.9575525522232056,fish,0.9250949025154114,cartilaginous fish,0.9163488745689392,underwater,0.9013378620147705,0.9575525522232056
../data/ImageNet\shark_n01482330\7.jpg,shark,fish,0.9831167459487915,green,0.9194968938827515,marine biology,0.9190850853919983,underwater,0.9110629558563232,sand tiger shark,0.8899940848350525,0.0
../data/ImageNet\shark_n01482330\8.jpg,shark,child,0.7116445302963257,,0.0,,0.0,,0.0,,0.0,0.0
../data/ImageNet\shark_n01482330\9.jpg,shark,sand tiger shark,0.9726985096931458,shark,0.9629051089286804,cartilaginous fish,0.943649411201477,fish,0.9423540234565735,great white shark,0.9182212352752686,0.9629051089286804
../data/ImageNet\swimming_n00442115\0.jpg,swimming,people in nature,0.9789236783981323,photograph,0.9527485370635986,sky,0.862245500087738,photography,0.8163996934890747,grass,0.7987149953842163,0.0
../data/ImageNet\swimming_n00442115\1.jpg,swimming,recreation,0.7514083981513977,swimming pool,0.7320553660392761,leisure,0.7092075347900391,fun,0.7039424180984497,leisure centre,0.5520529747009277,0.0
../data/ImageNet\swimming_n00442115\10.jpg,swimming,leisure centre,0.9627613425254822,swimming pool,0.9476625919342041,swim cap,0.9345637559890747,swimmer,0.9322322607040405,leisure,0.9066498279571533,0.0
../data/ImageNet\swimming_n00442115\11.jpg,swimming,recreation,0.850236713886261,swimming,0.8308815956115723,fun,0.7684727907180786,open water swimming,0.7430492639541626,sport,0.6887202858924866,0.8308815956115723
../data/ImageNet\swimming_n00442115\12.jpg,swimming,swimming pool,0.9766035079956055,fun,0.8959596753120422,male,0.8320976495742798,close-up,0.8236038088798523,swimming,0.7507233023643494,0.7507233023643494
../data/ImageNet\swimming_n00442115\13.jpg,swimming,swimming pool,0.9886120557785034,leisure centre,0.9784557819366455,leisure,0.9423144459724426,swimming,0.9141750335693359,recreation,0.870677649974823,0.9141750335693359
../data/ImageNet\swimming_n00442115\14.jpg,swimming,swimming,0.9141750335693359,swimming pool,0.8627893328666687,recreation,0.8191551566123962,freediving,0.5962283611297607,individual sports,0.5764293670654297,0.9141750335693359
../data/ImageNet\swimming_n00442115\15.jpg,swimming,swimming,0.983878493309021,swimmer,0.9172687530517578,recreation,0.899376392364502,medley swimming,0.8538351655006409,reflection,0.8086340427398682,0.983878493309021
../data/ImageNet\swimming_n00442115\16.jpg,swimming,swimming pool,0.9854154586791992,water park,0.9342730641365051,leisure,0.9288535714149475,water,0.9100271463394165,leisure centre,0.8776816129684448,0.0
../data/ImageNet\swimming_n00442115\17.jpg,swimming,water,0.9388793110847473,synchronized swimming,0.9250578284263611,swimming,0.9247488975524902,fun,0.9098154902458191,recreation,0.9068540334701538,0.9247488975524902
../data/ImageNet\swimming_n00442115\18.jpg,swimming,swimming,0.9679534435272217,swimmer,0.9664598107337952,medley swimming,0.9615514874458313,sport,0.9200862646102905,recreation,0.9137532711029053,0.9679534435272217
../data/ImageNet\swimming_n00442115\19.jpg,swimming,swimming pool,0.992401123046875,leisure centre,0.9757952094078064,leisure,0.9710386991500854,recreation,0.8349081873893738,fun,0.8220452070236206,0.0
../data/ImageNet\swimming_n00442115\2.jpg,swimming,water,0.9674235582351685,swimmer,0.9322322607040405,breaststroke,0.9146153330802917,blue,0.9118428230285645,swimming,0.8808006048202515,0.8808006048202515
../data/ImageNet\swimming_n00442115\20.jpg,swimming,sport,0.9889867305755615,swimming,0.9750243425369263,swimmer,0.9557565450668335,recreation,0.9368054866790771,swimming pool,0.9165639281272888,0.9750243425369263
../data/ImageNet\swimming_n00442115\21.jpg,swimming,sport,0.9889867305755615,butterfly stroke,0.9565923810005188,swimmer,0.9537073373794556,swimming,0.9532585144042969,swim cap,0.9466917514801025,0.9532585144042969
../data/ImageNet\swimming_n00442115\22.jpg,swimming,water,0.9617570638656616,space,0.585303008556366,,0.0,,0.0,,0.0,0.0
../data/ImageNet\swimming_n00442115\23.jpg,swimming,sport,0.9889867305755615,swim cap,0.9718462824821472,swimmer,0.9687303900718689,breaststroke,0.9356655478477478,recreation,0.9300558567047119,0.0
../data/ImageNet\swimming_n00442115\24.jpg,swimming,swimming pool,0.9780284762382507,leisure centre,0.9235134720802307,sport venue,0.9126992225646973,leisure,0.8571083545684814,building,0.7405484318733215,0.0
../data/ImageNet\swimming_n00442115\3.jpg,swimming,water,0.9643341898918152,swimming,0.9617096781730652,recreation,0.83145672082901,diving,0.8022288084030151,individual sports,0.7921281456947327,0.9617096781730652
../data/ImageNet\swimming_n00442115\4.jpg,swimming,swimmer,0.9760111570358276,swimming,0.9617096781730652,medley swimming,0.9600062370300293,recreation,0.9182605147361755,swim cap,0.9076681137084961,0.9617096781730652
../data/ImageNet\swimming_n00442115\5.jpg,swimming,swimming,0.9915894269943237,swimmer,0.9710659980773926,medley swimming,0.9644886255264282,recreation,0.9278618693351746,freestyle swimming,0.9106948971748352,0.9915894269943237
../data/ImageNet\swimming_n00442115\6.jpg,swimming,swimming,0.90804523229599,recreation,0.9068540334701538,swimmer,0.898827075958252,individual sports,0.8803457617759705,modern pentathlon,0.8795709609985352,0.90804523229599
../data/ImageNet\swimming_n00442115\7.jpg,swimming,leisure centre,0.969052791595459,swimming,0.933634877204895,swimming pool,0.8939199447631836,recreation,0.8881891965866089,leisure,0.870537281036377,0.933634877204895
../data/ImageNet\swimming_n00442115\8.jpg,swimming,individual sports,0.8858333230018616,artistic gymnastics,0.8813358545303345,synchronized swimming,0.873039960861206,sport,0.8471808433532715,diving,0.8185890316963196,0.0
../data/ImageNet\swimming_n00442115\9.jpg,swimming,athlete,0.7984580993652344,sport,0.6849586963653564,swim cap,0.6687817573547363,recreation,0.6427465081214905,muscle,0.6424193978309631,0.0
../data/ImageNet\unicycle_n04509417\0.jpg,unicycle,grass,0.8504898548126221,vehicle,0.7533569931983948,recreation,0.7124289870262146,cycling,0.631514310836792,plant,0.585474967956543,0.0
../data/ImageNet\unicycle_n04509417\1.jpg,unicycle,vehicle,0.9024480581283569,freestyle bmx,0.8456448316574097,bicycle,0.7734203934669495,cycling,0.7646886110305786,bmx bike,0.7580735683441162,0.0
../data/ImageNet\unicycle_n04509417\10.jpg,unicycle,land vehicle,0.9961627125740051,vehicle,0.9903031587600708,cycling,0.9877132773399353,bicycle,0.9836284518241882,unicycle,0.9081008434295654,0.9081008434295654
../data/ImageNet\unicycle_n04509417\11.jpg,unicycle,natural environment,0.8843857049942017,forest,0.8841419219970703,woodland,0.863262414932251,vehicle,0.8183898329734802,recreation,0.803292989730835,0.0
../data/ImageNet\unicycle_n04509417\12.jpg,unicycle,cycling,0.9960458874702454,outdoor recreation,0.9702380299568176,vehicle,0.9509403109550476,endurance sports,0.9476922750473022,bicycle,0.9361357688903809,0.0
../data/ImageNet\unicycle_n04509417\13.jpg,unicycle,road,0.9632881283760071,cycling,0.961670994758606,lane,0.9242148399353027,bicycle,0.9181051850318909,road cycling,0.909652829170227,0.0
../data/ImageNet\unicycle_n04509417\14.jpg,unicycle,road cycling,0.9438294172286987,outdoor recreation,0.9418749213218689,cycling,0.936494767665863,asphalt,0.9313514828681946,recreation,0.9204360842704773,0.0
../data/ImageNet\unicycle_n04509417\15.jpg,unicycle,performance,0.9169704914093018,vehicle,0.8051586747169495,event,0.7105559706687927,fun,0.7039424180984497,performing arts,0.6997999548912048,0.0
../data/ImageNet\unicycle_n04509417\16.jpg,unicycle,performance,0.9275833368301392,unicycle,0.8794347047805786,acrobatics,0.8458410501480103,vehicle,0.8215052485466003,sport,0.7986961007118225,0.8794347047805786
../data/ImageNet\unicycle_n04509417\17.jpg,unicycle,land vehicle,0.9961627125740051,cycling,0.9832465052604675,vehicle,0.963193953037262,unicycle,0.9172345995903015,bicycle,0.9058560132980347,0.9172345995903015
../data/ImageNet\unicycle_n04509417\18.jpg,unicycle,bicycle wheel,0.9656437635421753,spoke,0.9340325593948364,monochrome,0.9326760768890381,black-and-white,0.9290692806243896,wheel,0.9269965291023254,0.0
../data/ImageNet\unicycle_n04509417\19.jpg,unicycle,bicycle,0.9867614507675171,cycling,0.9832465052604675,vehicle,0.955994725227356,recreation,0.8778690695762634,cycle sport,0.8550444841384888,0.0
../data/ImageNet\unicycle_n04509417\2.jpg,unicycle,vehicle,0.8984794020652771,cycling,0.8903261423110962,recreation,0.8130627870559692,asphalt,0.7836852669715881,bicycle,0.7713760137557983,0.0
../data/ImageNet\unicycle_n04509417\20.jpg,unicycle,land vehicle,0.9961627125740051,vehicle,0.9903031587600708,unicycle,0.9050074815750122,wheel,0.8846282958984375,cycling,0.8757204413414001,0.9050074815750122
../data/ImageNet\unicycle_n04509417\21.jpg,unicycle,cycle sport,0.9085248112678528,vehicle,0.9067017436027527,cycling,0.8569840788841248,bicycle,0.853947639465332,sport,0.8356071710586548,0.0
../data/ImageNet\unicycle_n04509417\22.jpg,unicycle,bicycle wheel,0.9872590899467468,bicycle tire,0.980705201625824,bicycle part,0.974523663520813,tire,0.9551782608032227,vehicle,0.9469120502471924,0.0
../data/ImageNet\unicycle_n04509417\23.JPG,unicycle,vehicle,0.9045347571372986,kick scooter,0.6469481587409973,recreation,0.6427465081214905,lawn,0.5869017839431763,sports equipment,0.5430244207382202,0.0
../data/ImageNet\unicycle_n04509417\24.jpg,unicycle,land vehicle,0.9961627125740051,unicycle,0.9759583473205566,bicycle wheel,0.9518898129463196,vehicle,0.9509403109550476,bicycle,0.8326117992401123,0.9759583473205566
../data/ImageNet\unicycle_n04509417\3.jpg,unicycle,crowd,0.8522427082061768,public event,0.767919659614563,vehicle,0.7621081471443176,recreation,0.7290773391723633,event,0.7228018045425415,0.0
../data/ImageNet\unicycle_n04509417\4.jpg,unicycle,unicycle,0.7132681012153625,balance,0.5644091367721558,,0.0,,0.0,,0.0,0.7132681012153625
../data/ImageNet\unicycle_n04509417\5.jpg,unicycle,land vehicle,0.9961627125740051,vehicle,0.9903031587600708,bicycle,0.8179924488067627,bicycle accessory,0.7803314924240112,cycling,0.7716549038887024,0.0
../data/ImageNet\unicycle_n04509417\6.jpg,unicycle,freestyle bmx,0.8324031233787537,bmx bike,0.8054613471031189,bicycle motocross,0.7941398024559021,vehicle,0.7871273159980774,cycle sport,0.7010439038276672,0.0
../data/ImageNet\unicycle_n04509417\7.jpg,unicycle,cycling,0.9877132773399353,unicycle,0.9737035036087036,vehicle,0.9405226111412048,recreation,0.8639823198318481,tree,0.8550311923027039,0.9737035036087036
../data/ImageNet\unicycle_n04509417\8.jpg,unicycle,land vehicle,0.9961627125740051,vehicle,0.963193953037262,unicycle,0.8955864906311035,cycling,0.8375841379165649,recreation,0.7751920819282532,0.8955864906311035
../data/ImageNet\unicycle_n04509417\9.jpg,unicycle,bicycle wheel,0.9905190467834473,bicycle tire,0.9876101016998291,bicycle part,0.9817325472831726,wheel,0.9618041515350342,spoke,0.9489535689353943,0.0
